dataset,id,duplicate_of,actual_order,main_name,original_loc,loc,address,compiler_version,original_compiler_version,is_multiple,fail,source
io,0x0c5876bc9765ee15fc3378100c070453186db8f3_1,,1,RobotCoinSeller,,56,0x0c5876bc9765ee15fc3378100c070453186db8f3,v0.4.16+newallbugs,^0.4.16,,,newALLBUGS-validation
io,0x4a66ad0bca2d700f11e1f2fc2c106f7d3264504c,,2,EBU,,14,0x4a66ad0bca2d700f11e1f2fc2c106f7d3264504c,v0.4.18+newallbugs,^0.4.18,,,newALLBUGS-validation
io,0x02f63293d2028a6de37f1d9545e66246a0a45911,,3,Burner,,22,0x02f63293d2028a6de37f1d9545e66246a0a45911,v0.4.11+newallbugs,^ 0.4.11,,,newALLBUGS-validation
io,0x0412ce6d21f100907910318e891ce965006790da_1,,4,VOCC_I075_20181211,,42,0x0412ce6d21f100907910318e891ce965006790da,v0.4.25+newallbugs,^0.4.25,,,newALLBUGS-validation
io,0x0412ce6d21f100907910318e891ce965006790da_2,,5,VOCC_I075_20181211,,42,0x0412ce6d21f100907910318e891ce965006790da,v0.4.25+newallbugs,^0.4.25,,,newALLBUGS-validation
io,0x0a630de26e5b41eaef08741e74da4018a6c2e14c_3,,6,dgame,,38,0x0a630de26e5b41eaef08741e74da4018a6c2e14c,v0.4.11+newallbugs,^0.4.10,,,newALLBUGS-validation
io,0x0adcae90088fae1007555733b4d3d63f24f4a2a3_1,,7,ERC20Standard,,57,0x0adcae90088fae1007555733b4d3d63f24f4a2a3,v0.4.11+newallbugs,^0.4.11,,,newALLBUGS-validation
io,0x0adcae90088fae1007555733b4d3d63f24f4a2a3_2,,8,ERC20Standard,,57,0x0adcae90088fae1007555733b4d3d63f24f4a2a3,v0.4.11+newallbugs,^0.4.11,,,newALLBUGS-validation
io,0x0f1ed66c251bcb52ecf7e67ac64bb72482048adb,,9,DSMath,,89,0x0f1ed66c251bcb52ecf7e67ac64bb72482048adb,v0.4.25+newallbugs,^0.4.25,,,newALLBUGS-validation
io,0x1ad392cb01caa44a1afdfca5b36434b0eb312420_1,,10,XG4K,,21,0x1ad392cb01caa44a1afdfca5b36434b0eb312420,v0.4.11+newallbugs,^0.4.11,,,newALLBUGS-validation
io,0x1ad392cb01caa44a1afdfca5b36434b0eb312420_2,,11,XG4K,,21,0x1ad392cb01caa44a1afdfca5b36434b0eb312420,v0.4.11+newallbugs,^0.4.11,,,newALLBUGS-validation
io,0x1db45a09efcdd8955b1c3bb855b5a8d333446bff,,12,Share,,98,0x1db45a09efcdd8955b1c3bb855b5a8d333446bff,v0.4.21+newallbugs,^0.4.21,,,newALLBUGS-validation
io,0x1e2bbf1578d1ecd107c95ab550f8c9559a0acca6_1,,13,Tbyc,,47,0x1e2bbf1578d1ecd107c95ab550f8c9559a0acca6,v0.4.16+newallbugs,^0.4.13,,,newALLBUGS-validation
io,0x1e2bbf1578d1ecd107c95ab550f8c9559a0acca6_2,,14,Tbyc,,47,0x1e2bbf1578d1ecd107c95ab550f8c9559a0acca6,v0.4.16+newallbugs,^0.4.13,,,newALLBUGS-validation
io,0x2a99ff217a1077facf743a2eecfa5c56f22383de_1,,15,Crowdsale,,30,0x2a99ff217a1077facf743a2eecfa5c56f22383de,v0.4.16+newallbugs,^0.4.16,,,newALLBUGS-validation
io,0x2a99ff217a1077facf743a2eecfa5c56f22383de_2,,16,Crowdsale,,30,0x2a99ff217a1077facf743a2eecfa5c56f22383de,v0.4.16+newallbugs,^0.4.16,,,newALLBUGS-validation
io,0x2bd9f9a1dc641d5040d07141405bd4a0fa69759c,,17,Utils,,186,0x2bd9f9a1dc641d5040d07141405bd4a0fa69759c,v0.4.25+newallbugs,^0.4.25,,,newALLBUGS-validation
io,0x2e0f9b6e879834e8de4238f6d544212273f85326_1,,18,UNT,,48,0x2e0f9b6e879834e8de4238f6d544212273f85326,v0.4.16+newallbugs,^0.4.16,,,newALLBUGS-validation
io,0x2e0f9b6e879834e8de4238f6d544212273f85326_2,,19,UNT,,48,0x2e0f9b6e879834e8de4238f6d544212273f85326,v0.4.16+newallbugs,^0.4.16,,,newALLBUGS-validation
io,0x3e7840b88396acd80bac66021e1354064461a498,,20,ETHDeposit,,35,0x3e7840b88396acd80bac66021e1354064461a498,v0.4.16+newallbugs,^0.4.13,,,newALLBUGS-validation
io,0x4a0c567eb959b757620c9bbc7f4f774bfe895b45_1,,21,UADA,,48,0x4a0c567eb959b757620c9bbc7f4f774bfe895b45,v0.4.16+newallbugs,^0.4.16,,,newALLBUGS-validation
io,0x4a0c567eb959b757620c9bbc7f4f774bfe895b45_2,,22,UADA,,48,0x4a0c567eb959b757620c9bbc7f4f774bfe895b45,v0.4.16+newallbugs,^0.4.16,,,newALLBUGS-validation
io,0x4aacacb0994e04f3c6d8311496aa2ad20e57c178,,23,HiEXCoin,,95,0x4aacacb0994e04f3c6d8311496aa2ad20e57c178,v0.4.25+newallbugs,^0.4.25,,,newALLBUGS-validation
io,0x4ba0d338a7c41cc12778e0a2fa6df2361e8d8465,,24,ICO_Hold,,31,0x4ba0d338a7c41cc12778e0a2fa6df2361e8d8465,v0.4.11+newallbugs,^0.4.11,,,newALLBUGS-validation
io,0x4c3a22fc1f2f3307a01f71d266e01a06d86fb0f1,,25,Hold,,28,0x4c3a22fc1f2f3307a01f71d266e01a06d86fb0f1,v0.4.25+newallbugs,^0.4.25,,,newALLBUGS-validation
io,0x4d0528598f916fd1d8dc80e5f54a8feedcfd4b18_1,,26,Atoshi,,61,0x4d0528598f916fd1d8dc80e5f54a8feedcfd4b18,v0.4.25+newallbugs,^0.4.25,,,newALLBUGS-validation
io,0x4d0528598f916fd1d8dc80e5f54a8feedcfd4b18_2,,27,Atoshi,,61,0x4d0528598f916fd1d8dc80e5f54a8feedcfd4b18,v0.4.25+newallbugs,^0.4.25,,,newALLBUGS-validation
io,0x4e8ffbfab83cec9d1e0fed1fd7bcf454967241bb_1,,28,ERC20Standard,,57,0x4e8ffbfab83cec9d1e0fed1fd7bcf454967241bb,v0.4.11+newallbugs,^0.4.11,,,newALLBUGS-validation
io,0x4e8ffbfab83cec9d1e0fed1fd7bcf454967241bb_2,,29,ERC20Standard,,57,0x4e8ffbfab83cec9d1e0fed1fd7bcf454967241bb,v0.4.11+newallbugs,^0.4.11,,,newALLBUGS-validation
io,0x53ce47cbe7f2be0aecd086a70182a98c907d024d,,30,StandardToken,,347,0x53ce47cbe7f2be0aecd086a70182a98c907d024d,v0.4.16+newallbugs,^0.4.13,,,newALLBUGS-validation
io,0x5b2d94bf0f0a4eeb7d00d67524b251ffbb91c86a,,31,R256,,16,0x5b2d94bf0f0a4eeb7d00d67524b251ffbb91c86a,v0.4.24+newallbugs,^0.4.24,,,newALLBUGS-validation
io,0x5c62da804298d5972a323c80b539b8e7517a0dde,,32,VENJOCOIN,,40,0x5c62da804298d5972a323c80b539b8e7517a0dde,v0.4.24+newallbugs,^0.4.24,,,newALLBUGS-validation
io,0x6a9620d939ebafc4fe2c8756b36f4484661a201a,,33,ERC20token,,46,0x6a9620d939ebafc4fe2c8756b36f4484661a201a,v0.4.16+newallbugs,^0.4.16,,,newALLBUGS-validation
io,0x6aaf1feb234033ccd5b62c0353cceee22b7ac03b_1,,34,BtsvcToken,,42,0x6aaf1feb234033ccd5b62c0353cceee22b7ac03b,v0.4.21+newallbugs,^0.4.21,,,newALLBUGS-validation
io,0x6aaf1feb234033ccd5b62c0353cceee22b7ac03b_2,,35,BtsvcToken,,42,0x6aaf1feb234033ccd5b62c0353cceee22b7ac03b,v0.4.21+newallbugs,^0.4.21,,,newALLBUGS-validation
io,0x6ca26152df86c13f9830ec3701e8e96d51ee833f,,36,BaseToken,,105,0x6ca26152df86c13f9830ec3701e8e96d51ee833f,v0.4.19+newallbugs,^0.4.19,,,newALLBUGS-validation
io,0x6f5c77c6975bc2a9e69cec270e22c020114aca6d_1,,37,EIP20,,75,0x6f5c77c6975bc2a9e69cec270e22c020114aca6d,v0.4.18+newallbugs,^0.4.18,,,newALLBUGS-validation
io,0x6f5c77c6975bc2a9e69cec270e22c020114aca6d_2,,38,EIP20,,75,0x6f5c77c6975bc2a9e69cec270e22c020114aca6d,v0.4.18+newallbugs,^0.4.18,,,newALLBUGS-validation
io,0x7b6054262d9ac537110a434ae75c880192faac25_1,,39,StarToken,,100,0x7b6054262d9ac537110a434ae75c880192faac25,v0.4.16+newallbugs,^0.4.16,,,newALLBUGS-validation
io,0x7b6054262d9ac537110a434ae75c880192faac25_2,,40,StarToken,,100,0x7b6054262d9ac537110a434ae75c880192faac25,v0.4.16+newallbugs,^0.4.16,,,newALLBUGS-validation
io,0x7d1ec9ae517f3c17689937c76b3d5930a8fe46bc_1,,41,AIRBUS_301201,,42,0x7d1ec9ae517f3c17689937c76b3d5930a8fe46bc,v0.4.21+newallbugs,^0.4.21,,,newALLBUGS-validation
io,0x7d1ec9ae517f3c17689937c76b3d5930a8fe46bc_2,,42,AIRBUS_301201,,42,0x7d1ec9ae517f3c17689937c76b3d5930a8fe46bc,v0.4.21+newallbugs,^0.4.21,,,newALLBUGS-validation
io,0x7dcb72ad13f89a3e6a97943073b03e65935e976e,,43,WhiteList,,32,0x7dcb72ad13f89a3e6a97943073b03e65935e976e,v0.4.11+newallbugs,^0.4.11,,,newALLBUGS-validation
io,0x7e07404d7c11a8bc062e83905fc8e837fd6a9eaa,,44,Utils,,186,0x7e07404d7c11a8bc062e83905fc8e837fd6a9eaa,v0.4.25+newallbugs,^0.4.25,,,newALLBUGS-validation
io,0x7f1e2c7d6a69bf34824d72c53b4550e895c0d8c2,,45,blockoptions,,218,0x7f1e2c7d6a69bf34824d72c53b4550e895c0d8c2,v0.4.11+newallbugs,^ 0.4.11,,,newALLBUGS-validation
re,0x0d5d4c289133ebf3eb685c183a930c1ee2ea4a4f,,46,I_BANK,,56,0x0d5d4c289133ebf3eb685c183a930c1ee2ea4a4f,v0.4.25+newallbugs,^0.4.25,,,newALLBUGS-validation
re,0x23a91059fdc9579a9fbd0edc5f2ea0bfdb70deb4,,47,PrivateBank,,51,0x23a91059fdc9579a9fbd0edc5f2ea0bfdb70deb4,v0.4.19+newallbugs,^0.4.19,,,newALLBUGS-validation
re,0x2628e13a3cbdc52ed96b4b8d6b1041d3ef3a409e,,48,EasySmartolution,,93,0x2628e13a3cbdc52ed96b4b8d6b1041d3ef3a409e,v0.4.25+newallbugs,^0.4.25,,,newALLBUGS-validation
re,0x4a8d3a662e0fd6a8bd39ed0f91e4c1b729c81a38,,49,HODLWallet,,100,0x4a8d3a662e0fd6a8bd39ed0f91e4c1b729c81a38,v0.4.25+newallbugs,^0.4.25,,,newALLBUGS-validation
re,0x4e73b32ed6c35f570686b89848e5f39f20ecc106,,50,PRIVATE_ETH_CELL,,70,0x4e73b32ed6c35f570686b89848e5f39f20ecc106,v0.4.19+newallbugs,^0.4.19,,,newALLBUGS-validation
re,0x95d34980095380851902ccd9a1fb4c813c2cb639,,51,Private_Bank,,52,0x95d34980095380851902ccd9a1fb4c813c2cb639,v0.4.19+newallbugs,^0.4.19,,,newALLBUGS-validation
re,0xbaf51e761510c1a11bf48dd87c0307ac8a8c8a4f,,52,ETH_VAULT,,55,0xbaf51e761510c1a11bf48dd87c0307ac8a8c8a4f,v0.4.19+newallbugs,^0.4.19,,,newALLBUGS-validation
re,0xcb6fe98097fe7d6e00415bb6623d5fc3effa4e83,,53,THE_BANK,,63,0xcb6fe98097fe7d6e00415bb6623d5fc3effa4e83,v0.4.25+newallbugs,^0.4.25,,,newALLBUGS-validation
re,0xcd3e9a892326d5ecee77c1e2380d2ef20dab119f,,54,S_BANK,,63,0xcd3e9a892326d5ecee77c1e2380d2ef20dab119f,v0.4.25+newallbugs,^0.4.25,,,newALLBUGS-validation
re,0xd518db222f37f9109db8e86e2789186c7e340f12,,55,D_BANK,,70,0xd518db222f37f9109db8e86e2789186c7e340f12,v0.4.19+newallbugs,^0.4.19,,,newALLBUGS-validation
tx,0x09e780855f195fcbb0b403a6676a4b34467ae510,,56,TokenSale,,511,0x09e780855f195fcbb0b403a6676a4b34467ae510,v0.4.25+newallbugs,^0.4.25,,,newALLBUGS-validation
tx,0x0b71bee14c6fb53ac5d452e429d57f5020106d3e,,57,ZeroBTCWorldCup,,523,0x0b71bee14c6fb53ac5d452e429d57f5020106d3e,v0.4.24+newallbugs,^0.4.24,,,newALLBUGS-validation
tx,0x0b7bda8ad804cb3318ae8490b984c2883ada2154_2,,58,CryptoAtomsLogicV2,,340,0x0b7bda8ad804cb3318ae8490b984c2883ada2154,v0.4.19+newallbugs,^0.4.19,,,newALLBUGS-validation
tx,0x10a451d62530e73adfd14f17e2340dd01c56923f,,59,Wallet,,534,0x10a451d62530e73adfd14f17e2340dd01c56923f,v0.4.25+newallbugs,0.4.25,,,newALLBUGS-validation
tx,0x150dbfc384ba5c13c304efd2efee73cc57cc2c16_1,,60,RefStorage,,300,0x150dbfc384ba5c13c304efd2efee73cc57cc2c16,v0.4.25+newallbugs,0.4.25,,,newALLBUGS-validation
tx,0x150dbfc384ba5c13c304efd2efee73cc57cc2c16_2,,61,RefStorage,,300,0x150dbfc384ba5c13c304efd2efee73cc57cc2c16,v0.4.25+newallbugs,0.4.25,,,newALLBUGS-validation
tx,0x16b888fa2fc83043c3ad6d6c2780c8248461bb15,,62,TokenSale,,261,0x16b888fa2fc83043c3ad6d6c2780c8248461bb15,v0.4.19+newallbugs,^0.4.19,,,newALLBUGS-validation
tx,0x185c5cef4b4659f025e258bf385a0b444d33077b,,63,YEYE,,352,0x185c5cef4b4659f025e258bf385a0b444d33077b,v0.4.25+newallbugs,^0.4.25,,,newALLBUGS-validation
tx,0x33ca754eb0ae844c3d55086646d6eff8ffe62558,,64,TokenSale,,351,0x33ca754eb0ae844c3d55086646d6eff8ffe62558,v0.4.25+newallbugs,^0.4.25,,,newALLBUGS-validation
tx,0x340dba127f099dab9dc8599c75b16e44d9b02fdb,,65,TokenSale,,511,0x340dba127f099dab9dc8599c75b16e44d9b02fdb,v0.4.25+newallbugs,^0.4.25,,,newALLBUGS-validation
tx,0x37f387fe48c9569500b514a1c7e1f6b04be8d421_1,,66,QIUToken,,162,0x37f387fe48c9569500b514a1c7e1f6b04be8d421,v0.4.18+newallbugs,^0.4.18,,,newALLBUGS-validation
tx,0x37f387fe48c9569500b514a1c7e1f6b04be8d421_2,,67,QIUToken,,162,0x37f387fe48c9569500b514a1c7e1f6b04be8d421,v0.4.18+newallbugs,^0.4.18,,,newALLBUGS-validation
tx,0x3b1edfc61ecd19966050530f8ada1376cd941d41,,68,BasicToken,,147,0x3b1edfc61ecd19966050530f8ada1376cd941d41,v0.4.25+newallbugs,^0.4.25,,,newALLBUGS-validation
tx,0x3dc76abeb8440884ff04ae9646fc4667800a8faa,,69,Wallet,,353,0x3dc76abeb8440884ff04ae9646fc4667800a8faa,v0.4.25+newallbugs,0.4.25,,,newALLBUGS-validation
tx,0x428b87ba2497b0be0dac3700bee9db530f05d62e,,70,Wallet,,515,0x428b87ba2497b0be0dac3700bee9db530f05d62e,v0.4.25+newallbugs,0.4.25,,,newALLBUGS-validation
tx,0x43187dd7709aec49f4870213390624bf365e119b,,71,Wallet,,310,0x43187dd7709aec49f4870213390624bf365e119b,v0.4.25+newallbugs,0.4.25,,,newALLBUGS-validation
tx,0x4874fd71cd01e83cfaf8bdc0bbff452c655bd3d0,,72,TokenSale,,351,0x4874fd71cd01e83cfaf8bdc0bbff452c655bd3d0,v0.4.25+newallbugs,^0.4.25,,,newALLBUGS-validation
tx,0x4c60e311d8fba04e313f7e7b3dec61b3028726d1,,73,EtherWorldCup,,499,0x4c60e311d8fba04e313f7e7b3dec61b3028726d1,v0.4.24+newallbugs,^0.4.24,,,newALLBUGS-validation
tx,0x4f6d6fdaf267894fbeb57c1f4eb2fa2af93dd579,,74,BasicToken,,146,0x4f6d6fdaf267894fbeb57c1f4eb2fa2af93dd579,v0.4.25+newallbugs,^0.4.25,,,newALLBUGS-validation
tx,0x5a50c7d96fc68ea2f0bee06d86cd971c31f85604,,75,TokenSale,,511,0x5a50c7d96fc68ea2f0bee06d86cd971c31f85604,v0.4.25+newallbugs,^0.4.25,,,newALLBUGS-validation
tx,0x5ad9e100bc58e57a20cf1cae204f046006d27a27,,76,CoinCrowdICO,,231,0x5ad9e100bc58e57a20cf1cae204f046006d27a27,v0.4.18+newallbugs,^0.4.18,,,newALLBUGS-validation
tx,0x61bee3dc3536800716798b11497051cddaf207c1,,77,TokenSale,,296,0x61bee3dc3536800716798b11497051cddaf207c1,v0.4.25+newallbugs,^0.4.25,,,newALLBUGS-validation
tx,0x62edb11263cd775d549a9d9e38980014dbbfdedd_1,,78,AM1OpenSTValue,,652,0x62edb11263cd775d549a9d9e38980014dbbfdedd,v0.4.17+newallbugs,^0.4.17,,,newALLBUGS-validation
tx,0x62edb11263cd775d549a9d9e38980014dbbfdedd_2,,79,AM1OpenSTValue,,652,0x62edb11263cd775d549a9d9e38980014dbbfdedd,v0.4.17+newallbugs,^0.4.17,,,newALLBUGS-validation
tx,0x63fc7125667dba73691454ab516243c5639e04c5,,80,tokenContract,,201,0x63fc7125667dba73691454ab516243c5639e04c5,v0.4.24+newallbugs,^0.4.24,,,newALLBUGS-validation
tx,0x63fed9eb6f80f491bddbc853059414c2f8eb6028,,81,EtherWorldCup,,473,0x63fed9eb6f80f491bddbc853059414c2f8eb6028,v0.4.24+newallbugs,^0.4.24,,,newALLBUGS-validation
tx,0x65e871cd0e132e14b3bd9569199dcb436c752b2f_1,,82,WeBuildWorldImplementation,,460,0x65e871cd0e132e14b3bd9569199dcb436c752b2f,v0.4.23+newallbugs,^0.4.23,,,newALLBUGS-validation
tx,0x65e871cd0e132e14b3bd9569199dcb436c752b2f_2,,83,WeBuildWorldImplementation,,460,0x65e871cd0e132e14b3bd9569199dcb436c752b2f,v0.4.23+newallbugs,^0.4.23,,,newALLBUGS-validation
tx,0x6ab1453ae2cdfb7524decfc71bc9105bf2a58d5a,,84,TokenSale,,511,0x6ab1453ae2cdfb7524decfc71bc9105bf2a58d5a,v0.4.25+newallbugs,^0.4.25,,,newALLBUGS-validation
tx,0x6adf75f1a6627addc158808476f6d9de06a96eef,,85,Wallet,,399,0x6adf75f1a6627addc158808476f6d9de06a96eef,v0.4.25+newallbugs,0.4.25,,,newALLBUGS-validation
tx,0x72a38b32532cb0191caab895997508df23e880da,,86,TimereumX,,92,0x72a38b32532cb0191caab895997508df23e880da,v0.4.11+newallbugs,^0.4.11,,,newALLBUGS-validation
tx,0x73f2fd0df4bf82a1137c03e0d4656e5c35b03177,,87,EtherTime,,11,0x73f2fd0df4bf82a1137c03e0d4656e5c35b03177,v0.4.25+newallbugs,^0.4.25,,,newALLBUGS-validation
tx,0x85f1752fcaf37c45aa77d677e54e94f533c49874,,88,CoinCrowdICO,,229,0x85f1752fcaf37c45aa77d677e54e94f533c49874,v0.4.18+newallbugs,^0.4.18,,,newALLBUGS-validation
tx,0x865ee5df064bc1f4a39b95b75e612dd86011d35b_1,,89,RefStorage,,300,0x865ee5df064bc1f4a39b95b75e612dd86011d35b,v0.4.25+newallbugs,0.4.25,,,newALLBUGS-validation
tx,0x865ee5df064bc1f4a39b95b75e612dd86011d35b_2,,90,RefStorage,,300,0x865ee5df064bc1f4a39b95b75e612dd86011d35b,v0.4.25+newallbugs,0.4.25,,,newALLBUGS-validation
tx,0x86b784aef0e9c9a581550ba07fb85b64c780c320,,91,TokenSale,,511,0x86b784aef0e9c9a581550ba07fb85b64c780c320,v0.4.25+newallbugs,^0.4.25,,,newALLBUGS-validation
tx,0x8fc17ffddef41330b2d55e8266446a21f2e000b7,,92,Factory,,1062,0x8fc17ffddef41330b2d55e8266446a21f2e000b7,v0.4.25+newallbugs,^0.4.25,,,newALLBUGS-validation
tx,0x94e332cc102a02bad6ce2e644ab88f6025bc643f,,93,TokenSale,,292,0x94e332cc102a02bad6ce2e644ab88f6025bc643f,v0.4.25+newallbugs,^0.4.25,,,newALLBUGS-validation
tx,0x968a92f07df9ec1799e7e25de5b50663e611d38d,,94,SetBuyer,,229,0x968a92f07df9ec1799e7e25de5b50663e611d38d,v0.4.24+newallbugs,^0.4.24,,,newALLBUGS-validation
tx,0x9bbb60f9616340db904f09b74b7d54c4b5150610,,95,tokenContract,,201,0x9bbb60f9616340db904f09b74b7d54c4b5150610,v0.4.24+newallbugs,^0.4.24,,,newALLBUGS-validation
tx,0x9d8ea2ccbee9253627467277a864ebb9b1640656,,96,Wallet,,361,0x9d8ea2ccbee9253627467277a864ebb9b1640656,v0.4.25+newallbugs,0.4.25,,,newALLBUGS-validation
tx,0x9ef74f01c70c80f008b51ae434e56ee79b6f4016_1,,97,MultiChanger,,221,0x9ef74f01c70c80f008b51ae434e56ee79b6f4016,v0.4.24+newallbugs,^0.4.24,,,newALLBUGS-validation
tx,0x9ef74f01c70c80f008b51ae434e56ee79b6f4016_2,,98,MultiChanger,,221,0x9ef74f01c70c80f008b51ae434e56ee79b6f4016,v0.4.24+newallbugs,^0.4.24,,,newALLBUGS-validation
