sample_name,final_dataset_type,reason
0x018a5118019cc0cd453e49217374250177be5970,ED,unsupported_type
0x04ee4af9082746db738e7e5b49b733493a6bd81f,ED,unsupported_type
0x06faa4d8157ba45baf2da5e7d02384225948d54f,ED,unsupported_type
0x09f5f9413cefd61044db02940540155507bdcc55,ED,unsupported_type
0x0a630de26e5b41eaef08741e74da4018a6c2e14c,ED,unsupported_type
0x0b6f6e073a08ab8fd458527c47ed83982ff26851,ED,unsupported_type
0x0cbe2df57ca9191b64a7af3baa3f946fa7df2f25,ED,unsupported_type
0x0d2424353d6650cd06b8b845f2f08e0436578d20_2,ED,unsupported_type
0x0d47d4aea9da60953fd4ae5c47d2165977c7fbea,ED,unsupported_type
0x0f44ef14948994d9cae6a745bd46bf3122e60ac1,ED,unsupported_type
0x0f70108ada7de723bc7c111654bdd9a11bfef736,ED,unsupported_type
0x0f7d5e9db2525b34682f474534b039016032ab17,ED,unsupported_type
0x1ca43a170bad619322e6f54d46b57e504db663aa,ED,unsupported_type
0x2a2cadfe55074910edecf885c6cd82f1b4c0fa6b,ED,unsupported_type
0x2ac135e1274711806504aa38f94badb564e52207,ED,unsupported_type
0x2b22b2c65b185182786f087c1a0035b5ed76bbb7,ED,unsupported_type
0x3a6984181f49c9ef64ada32373e736db0c9f1078,ED,unsupported_type
0x3ac26f27595effeb5e426bd093081ec30ebdd545,ED,unsupported_type
0x3aca398197478e1f911e4edd8ff7b4d608b98a3a,ED,unsupported_type
0x3bd33ff04e1f2bf01c8bf15c395d607100b7e116,ED,unsupported_type
0x3dbdc81a6edc94c720b0b88fb65dbd7e395fdcf6,ED,unsupported_type
0x3f45499fcdfe6cd597145fc5ac855b226d2a8e8e,ED,unsupported_type
0x4b71ad9c1a84b9b643aa54fdd66e2dec96e8b152,ED,unsupported_type
0x4eb3ce14fda3a874ecad0e9ad988258c827bae82,ED,unsupported_type
0x5aa88d2901c68fda244f1d0584400368d2c8e739,ED,unsupported_type
0x5e2d66856a2fc7eaf843d65721e2ea20c4e8b233,ED,unsupported_type
0x6994699c731dd7e389c209201ec51e8aff283bf9,ED,unsupported_type
0x6b62f10b1d042d3ed601899ca25f80f9dbc92644,ED,unsupported_type
0x7a4349a749e59a5736efb7826ee3496a2dfd5489,ED,unsupported_type
0x7b307c1f0039f5d38770e15f8043b3dd26da5e8f,ED,unsupported_type
0x7fe180e63198e50057c3f2817d058e8904c650e3,ED,unsupported_type
0x8b099bdcfea93faecfac13d0dbc1d08c4e1ec595,ED,unsupported_type
0x8e3e25958ad448aeb5982a01b63bcb91355d56a5,ED,unsupported_type
0xb7c5c5aa4d42967efe906e1b66cb8df9cebf04f7,ED,unsupported_type
0x011585ba96aa16b803e239defd807465073b883c,ED,unsupported_type
0x7c8b63c4cf7a6009e06dc78d9a8352cd0541556f,ED,unsupported_type
0x020e13faf0955efef0ac9cd4d2c64c513ffcbdec,TOD,unsupported_type
0x02c1ffd832143973fcec0cf3cac020ecb43dfb1a_2,TOD,unsupported_type
0x02e4514a3c2e9beaa5971b91f0147f79d5549e45,TOD,unsupported_type
0x0a66d93d08ff6c2720267936d48655452745652c_1,TOD,unsupported_type
0x0a66d93d08ff6c2720267936d48655452745652c_2,TOD,unsupported_type
0x0b38bcec2b7404490a16a9fbbd3a87e14dac0367,TOD,unsupported_type
0x0bbf6636277daaa6b97e890849da35a9a819fa0c,TOD,unsupported_type
0x0c5876bc9765ee15fc3378100c070453186db8f3_2,TOD,unsupported_type
0x0c78735435fbe36b39cccd5fe35fb4590e3da603,TOD,unsupported_type
0x0ce7f6686ece8186206e76fc7b76010189523c3b,TOD,unsupported_type
0x0cfa149c0a843e1f8d9bc5c6e6bebf901845cebe,TOD,unsupported_type
0x0d07e8800857b9649a8aa02b5b4bcd8c24ec7c5d,TOD,unsupported_type
0x0d2424353d6650cd06b8b845f2f08e0436578d20_1,TOD,unsupported_type
0x0d7b7b690d74253ffd9795409a6c603b912ae534_2,TOD,unsupported_type
0x0daed428b7ceff56541532e45b55033563699079,TOD,unsupported_type
0x0db847406c33959dd0b30fd6962b60f1f3bfcce7,TOD,unsupported_type
0x0e3d9b8aa451f398e4d7ef5be299367949943028,TOD,unsupported_type
0x0e57dd440090561c3c72df021dcc3d3bab3da5ab,TOD,unsupported_type
0x0e9186d1d0c7aa2212e3f42405eda1bc35d826a9_2,TOD,unsupported_type
0x0f00f1696218eaefa2d2330df3d6d1f94813b38f,TOD,unsupported_type
0x0f08dce6047fbad457aad78e4811bdd5171a2a0d_2,TOD,unsupported_type
0x0f1cd99bea68f0d994064395d2b45315b185882e,TOD,unsupported_type
0x0f7466e713b582630504dd39a72f6e15d2d052a9,TOD,unsupported_type
0x0fac98902b1ba4faf3424d19137ffb464ced802a,TOD,unsupported_type
0x2dc8e886762ee490ec01269e48bf29075f59c0d4,TOD,unsupported_type
0x2e9094044c13b0c7ce93ed0be8bd275f722f7d27,TOD,unsupported_type
0x5027880b5a4c5bbb88d229a334aa8f31e6e67197_1,TOD,unsupported_type
0x5027880b5a4c5bbb88d229a334aa8f31e6e67197_2,TOD,unsupported_type
0x6994699c731dd7e389c209201ec51e8aff283bf9_1,TOD,unsupported_type
0x6994699c731dd7e389c209201ec51e8aff283bf9_2,TOD,unsupported_type
0x7ce2225fb0d21ec8f45e39dfbf84c9a44a52b092,TOD,unsupported_type
0x87be69e5c196e0309cdf6957fd7141fda1df2b97_1,TOD,unsupported_type
0x87be69e5c196e0309cdf6957fd7141fda1df2b97_2,TOD,unsupported_type
0xe07e687dc4b244d574f37490948c7f4aa921d958_1,TOD,unsupported_type
0xe07e687dc4b244d574f37490948c7f4aa921d958_2,TOD,unsupported_type
0xe07e687dc4b244d574f37490948c7f4aa921d958_3,TOD,unsupported_type
0xe07e687dc4b244d574f37490948c7f4aa921d958_4,TOD,unsupported_type
