sample_name,final_dataset_type,smartfix_dataset,smartfix_dir,fault_line_no,target_function,main_name,main_name_note,compiler_version,pragma,solc_note,output_file
0x0c5876bc9765ee15fc3378100c070453186db8f3_1,IO,io,cve,50,fallback,RobotCoinSeller,contains_fault_line,0.4.16,^0.4.16,caret,benchmarks/cve/0x0c5876bc9765ee15fc3378100c070453186db8f3_1.sol
0x4a66ad0bca2d700f11e1f2fc2c106f7d3264504c,IO,io,cve,10,transfer,EBU,contains_fault_line,0.4.18,^0.4.18,caret,benchmarks/cve/0x4a66ad0bca2d700f11e1f2fc2c106f7d3264504c.sol
0x02f63293d2028a6de37f1d9545e66246a0a45911,IO,io,cve,20,dragonHandler,Burner,contains_fault_line,0.4.11,^ 0.4.11,caret,benchmarks/cve/0x02f63293d2028a6de37f1d9545e66246a0a45911.sol
0x0412ce6d21f100907910318e891ce965006790da_1,IO,io,cve,16,transfer,VOCC_I075_20181211,contains_fault_line,0.4.25,^0.4.25,caret,benchmarks/cve/0x0412ce6d21f100907910318e891ce965006790da_1.sol
0x0412ce6d21f100907910318e891ce965006790da_2,IO,io,cve,37,transferFrom,VOCC_I075_20181211,contains_fault_line,0.4.25,^0.4.25,caret,benchmarks/cve/0x0412ce6d21f100907910318e891ce965006790da_2.sol
0x0a630de26e5b41eaef08741e74da4018a6c2e14c_3,IO,io,cve,27,fallback,dgame,contains_fault_line,0.4.11,^0.4.10,caret,benchmarks/cve/0x0a630de26e5b41eaef08741e74da4018a6c2e14c_3.sol
0x0adcae90088fae1007555733b4d3d63f24f4a2a3_1,IO,io,cve,20,transfer,ERC20Standard,contains_fault_line,0.4.11,^0.4.11,caret,benchmarks/cve/0x0adcae90088fae1007555733b4d3d63f24f4a2a3_1.sol
0x0adcae90088fae1007555733b4d3d63f24f4a2a3_2,IO,io,cve,25,transferFrom,ERC20Standard,contains_fault_line,0.4.11,^0.4.11,caret,benchmarks/cve/0x0adcae90088fae1007555733b4d3d63f24f4a2a3_2.sol
0x0f1ed66c251bcb52ecf7e67ac64bb72482048adb,IO,io,cve,14,add,DSMath,contains_fault_line,0.4.25,^0.4.25,caret,benchmarks/cve/0x0f1ed66c251bcb52ecf7e67ac64bb72482048adb.sol
0x1ad392cb01caa44a1afdfca5b36434b0eb312420_1,IO,io,cve,12,mint,XG4K,contains_fault_line,0.4.11,^0.4.11,caret,benchmarks/cve/0x1ad392cb01caa44a1afdfca5b36434b0eb312420_1.sol
0x1ad392cb01caa44a1afdfca5b36434b0eb312420_2,IO,io,cve,17,send,XG4K,contains_fault_line,0.4.11,^0.4.11,caret,benchmarks/cve/0x1ad392cb01caa44a1afdfca5b36434b0eb312420_2.sol
0x1db45a09efcdd8955b1c3bb855b5a8d333446bff,IO,io,cve,72,transferHolds,Share,contains_fault_line,0.4.21,^0.4.21,caret,benchmarks/cve/0x1db45a09efcdd8955b1c3bb855b5a8d333446bff.sol
0x1e2bbf1578d1ecd107c95ab550f8c9559a0acca6_1,IO,io,cve,23,transfer,Tbyc,contains_fault_line,0.4.16,^0.4.13,caret,benchmarks/cve/0x1e2bbf1578d1ecd107c95ab550f8c9559a0acca6_1.sol
0x1e2bbf1578d1ecd107c95ab550f8c9559a0acca6_2,IO,io,cve,35,transferFrom,Tbyc,contains_fault_line,0.4.16,^0.4.13,caret,benchmarks/cve/0x1e2bbf1578d1ecd107c95ab550f8c9559a0acca6_2.sol
0x2a99ff217a1077facf743a2eecfa5c56f22383de_1,IO,io,cve,23,fallback,Crowdsale,contains_fault_line,0.4.16,^0.4.16,caret,benchmarks/cve/0x2a99ff217a1077facf743a2eecfa5c56f22383de_1.sol
0x2a99ff217a1077facf743a2eecfa5c56f22383de_2,IO,io,cve,24,fallback,Crowdsale,contains_fault_line,0.4.16,^0.4.16,caret,benchmarks/cve/0x2a99ff217a1077facf743a2eecfa5c56f22383de_2.sol
0x2bd9f9a1dc641d5040d07141405bd4a0fa69759c,IO,io,cve,18,safeAdd,Utils,contains_fault_line,0.4.25,^0.4.25,caret,benchmarks/cve/0x2bd9f9a1dc641d5040d07141405bd4a0fa69759c.sol
0x2e0f9b6e879834e8de4238f6d544212273f85326_1,IO,io,cve,22,transfer,UNT,contains_fault_line,0.4.16,^0.4.16,caret,benchmarks/cve/0x2e0f9b6e879834e8de4238f6d544212273f85326_1.sol
0x2e0f9b6e879834e8de4238f6d544212273f85326_2,IO,io,cve,29,transferFrom,UNT,contains_fault_line,0.4.16,^0.4.16,caret,benchmarks/cve/0x2e0f9b6e879834e8de4238f6d544212273f85326_2.sol
0x3e7840b88396acd80bac66021e1354064461a498,IO,io,cve,20,deposit,ETHDeposit,contains_fault_line,0.4.16,^0.4.13,caret,benchmarks/cve/0x3e7840b88396acd80bac66021e1354064461a498.sol
0x4a0c567eb959b757620c9bbc7f4f774bfe895b45_1,IO,io,cve,22,transfer,UADA,contains_fault_line,0.4.16,^0.4.16,caret,benchmarks/cve/0x4a0c567eb959b757620c9bbc7f4f774bfe895b45_1.sol
0x4a0c567eb959b757620c9bbc7f4f774bfe895b45_2,IO,io,cve,29,transferFrom,UADA,contains_fault_line,0.4.16,^0.4.16,caret,benchmarks/cve/0x4a0c567eb959b757620c9bbc7f4f774bfe895b45_2.sol
0x4aacacb0994e04f3c6d8311496aa2ad20e57c178,IO,io,cve,19,safeAdd,HiEXCoin,after_library_fault_line,0.4.25,^0.4.25,caret,benchmarks/cve/0x4aacacb0994e04f3c6d8311496aa2ad20e57c178.sol
0x4ba0d338a7c41cc12778e0a2fa6df2361e8d8465,IO,io,cve,19,deposit,ICO_Hold,contains_fault_line,0.4.11,^0.4.11,caret,benchmarks/cve/0x4ba0d338a7c41cc12778e0a2fa6df2361e8d8465.sol
0x4c3a22fc1f2f3307a01f71d266e01a06d86fb0f1,IO,io,cve,19,fallback,Hold,contains_fault_line,0.4.25,^0.4.25,caret,benchmarks/cve/0x4c3a22fc1f2f3307a01f71d266e01a06d86fb0f1.sol
0x4d0528598f916fd1d8dc80e5f54a8feedcfd4b18_1,IO,io,cve,34,transfer,Atoshi,contains_fault_line,0.4.25,^0.4.25,caret,benchmarks/cve/0x4d0528598f916fd1d8dc80e5f54a8feedcfd4b18_1.sol
0x4d0528598f916fd1d8dc80e5f54a8feedcfd4b18_2,IO,io,cve,41,transferFrom,Atoshi,contains_fault_line,0.4.25,^0.4.25,caret,benchmarks/cve/0x4d0528598f916fd1d8dc80e5f54a8feedcfd4b18_2.sol
0x4e8ffbfab83cec9d1e0fed1fd7bcf454967241bb_1,IO,io,cve,20,transfer,ERC20Standard,contains_fault_line,0.4.11,^0.4.11,caret,benchmarks/cve/0x4e8ffbfab83cec9d1e0fed1fd7bcf454967241bb_1.sol
0x4e8ffbfab83cec9d1e0fed1fd7bcf454967241bb_2,IO,io,cve,25,transferFrom,ERC20Standard,contains_fault_line,0.4.11,^0.4.11,caret,benchmarks/cve/0x4e8ffbfab83cec9d1e0fed1fd7bcf454967241bb_2.sol
0x53ce47cbe7f2be0aecd086a70182a98c907d024d,IO,io,cve,23,transferFrom,StandardToken,contains_fault_line,0.4.16,^0.4.13,caret,benchmarks/cve/0x53ce47cbe7f2be0aecd086a70182a98c907d024d.sol
0x5b2d94bf0f0a4eeb7d00d67524b251ffbb91c86a,IO,io,cve,12,addMultipleRecords,R256,contains_fault_line,0.4.24,^0.4.24,caret,benchmarks/cve/0x5b2d94bf0f0a4eeb7d00d67524b251ffbb91c86a.sol
0x5c62da804298d5972a323c80b539b8e7517a0dde,IO,io,cve,29,transfer,VENJOCOIN,contains_fault_line,0.4.24,^0.4.24,caret,benchmarks/cve/0x5c62da804298d5972a323c80b539b8e7517a0dde.sol
0x6a9620d939ebafc4fe2c8756b36f4484661a201a,IO,io,cve,28,transferFrom,ERC20token,contains_fault_line,0.4.16,^0.4.16,caret,benchmarks/cve/0x6a9620d939ebafc4fe2c8756b36f4484661a201a.sol
0x6aaf1feb234033ccd5b62c0353cceee22b7ac03b_1,IO,io,cve,16,transfer,BtsvcToken,contains_fault_line,0.4.21,^0.4.21,caret,benchmarks/cve/0x6aaf1feb234033ccd5b62c0353cceee22b7ac03b_1.sol
0x6aaf1feb234033ccd5b62c0353cceee22b7ac03b_2,IO,io,cve,37,transferFrom,BtsvcToken,contains_fault_line,0.4.21,^0.4.21,caret,benchmarks/cve/0x6aaf1feb234033ccd5b62c0353cceee22b7ac03b_2.sol
0x6ca26152df86c13f9830ec3701e8e96d51ee833f,IO,io,cve,15,_transfer,BaseToken,contains_fault_line,0.4.19,^0.4.19,caret,benchmarks/cve/0x6ca26152df86c13f9830ec3701e8e96d51ee833f.sol
0x6f5c77c6975bc2a9e69cec270e22c020114aca6d_1,IO,io,cve,38,transfer,EIP20,contains_fault_line,0.4.18,^0.4.18,caret,benchmarks/cve/0x6f5c77c6975bc2a9e69cec270e22c020114aca6d_1.sol
0x6f5c77c6975bc2a9e69cec270e22c020114aca6d_2,IO,io,cve,45,transferFrom,EIP20,contains_fault_line,0.4.18,^0.4.18,caret,benchmarks/cve/0x6f5c77c6975bc2a9e69cec270e22c020114aca6d_2.sol
0x7b6054262d9ac537110a434ae75c880192faac25_1,IO,io,cve,91,issue,StarToken,contains_fault_line,0.4.16,^0.4.16,caret,benchmarks/cve/0x7b6054262d9ac537110a434ae75c880192faac25_1.sol
0x7b6054262d9ac537110a434ae75c880192faac25_2,IO,io,cve,92,issue,StarToken,contains_fault_line,0.4.16,^0.4.16,caret,benchmarks/cve/0x7b6054262d9ac537110a434ae75c880192faac25_2.sol
0x7d1ec9ae517f3c17689937c76b3d5930a8fe46bc_1,IO,io,cve,16,transfer,AIRBUS_301201,contains_fault_line,0.4.21,^0.4.21,caret,benchmarks/cve/0x7d1ec9ae517f3c17689937c76b3d5930a8fe46bc_1.sol
0x7d1ec9ae517f3c17689937c76b3d5930a8fe46bc_2,IO,io,cve,37,transferFrom,AIRBUS_301201,contains_fault_line,0.4.21,^0.4.21,caret,benchmarks/cve/0x7d1ec9ae517f3c17689937c76b3d5930a8fe46bc_2.sol
0x7dcb72ad13f89a3e6a97943073b03e65935e976e,IO,io,cve,16,addPack,WhiteList,contains_fault_line,0.4.11,^0.4.11,caret,benchmarks/cve/0x7dcb72ad13f89a3e6a97943073b03e65935e976e.sol
0x7e07404d7c11a8bc062e83905fc8e837fd6a9eaa,IO,io,cve,18,safeAdd,Utils,contains_fault_line,0.4.25,^0.4.25,caret,benchmarks/cve/0x7e07404d7c11a8bc062e83905fc8e837fd6a9eaa.sol
0x7f1e2c7d6a69bf34824d72c53b4550e895c0d8c2,IO,io,cve,131,drain,blockoptions,contains_fault_line,0.4.11,^ 0.4.11,caret,benchmarks/cve/0x7f1e2c7d6a69bf34824d72c53b4550e895c0d8c2.sol
0x0d5d4c289133ebf3eb685c183a930c1ee2ea4a4f,RE,re,reentrancy,12,Collect,I_BANK,contains_fault_line,0.4.25,^0.4.25,caret,benchmarks/reentrancy/0x0d5d4c289133ebf3eb685c183a930c1ee2ea4a4f.sol
0x23a91059fdc9579a9fbd0edc5f2ea0bfdb70deb4,RE,re,reentrancy,23,CashOut,PrivateBank,contains_fault_line,0.4.19,^0.4.19,caret,benchmarks/reentrancy/0x23a91059fdc9579a9fbd0edc5f2ea0bfdb70deb4.sol
0x2628e13a3cbdc52ed96b4b8d6b1041d3ef3a409e,RE,re,reentrancy,40,processPayment,EasySmartolution,contains_fault_line,0.4.25,^0.4.25,caret,benchmarks/reentrancy/0x2628e13a3cbdc52ed96b4b8d6b1041d3ef3a409e.sol
0x4a8d3a662e0fd6a8bd39ed0f91e4c1b729c81a38,RE,re,reentrancy,48,doWithdraw,HODLWallet,contains_fault_line,0.4.25,^0.4.25,caret,benchmarks/reentrancy/0x4a8d3a662e0fd6a8bd39ed0f91e4c1b729c81a38.sol
0x4e73b32ed6c35f570686b89848e5f39f20ecc106,RE,re,reentrancy,37,Collect,PRIVATE_ETH_CELL,contains_fault_line,0.4.19,^0.4.19,caret,benchmarks/reentrancy/0x4e73b32ed6c35f570686b89848e5f39f20ecc106.sol
0x95d34980095380851902ccd9a1fb4c813c2cb639,RE,re,reentrancy,24,CashOut,Private_Bank,contains_fault_line,0.4.19,^0.4.19,caret,benchmarks/reentrancy/0x95d34980095380851902ccd9a1fb4c813c2cb639.sol
0xbaf51e761510c1a11bf48dd87c0307ac8a8c8a4f,RE,re,reentrancy,27,CashOut,ETH_VAULT,contains_fault_line,0.4.19,^0.4.19,caret,benchmarks/reentrancy/0xbaf51e761510c1a11bf48dd87c0307ac8a8c8a4f.sol
0xcb6fe98097fe7d6e00415bb6623d5fc3effa4e83,RE,re,reentrancy,19,Collect,THE_BANK,contains_fault_line,0.4.25,^0.4.25,caret,benchmarks/reentrancy/0xcb6fe98097fe7d6e00415bb6623d5fc3effa4e83.sol
0xcd3e9a892326d5ecee77c1e2380d2ef20dab119f,RE,re,reentrancy,19,Collect,S_BANK,contains_fault_line,0.4.25,^0.4.25,caret,benchmarks/reentrancy/0xcd3e9a892326d5ecee77c1e2380d2ef20dab119f.sol
0xd518db222f37f9109db8e86e2789186c7e340f12,RE,re,reentrancy,37,Collect,D_BANK,contains_fault_line,0.4.19,^0.4.19,caret,benchmarks/reentrancy/0xd518db222f37f9109db8e86e2789186c7e340f12.sol
0x09e780855f195fcbb0b403a6676a4b34467ae510,TX,tx,txorigin,475,addMeByRC,TokenSale,contains_fault_line,0.4.25,^0.4.25,caret,benchmarks/txorigin/0x09e780855f195fcbb0b403a6676a4b34467ae510.sol
0x0b71bee14c6fb53ac5d452e429d57f5020106d3e,TX,tx,txorigin,205,register,ZeroBTCWorldCup,contains_fault_line,0.4.24,^0.4.24,caret,benchmarks/txorigin/0x0b71bee14c6fb53ac5d452e429d57f5020106d3e.sol
0x0b7bda8ad804cb3318ae8490b984c2883ada2154_2,TX,tx,txorigin,335,receiveBonus,CryptoAtomsLogicV2,contains_fault_line,0.4.19,^0.4.19,caret,benchmarks/txorigin/0x0b7bda8ad804cb3318ae8490b984c2883ada2154_2.sol
0x10a451d62530e73adfd14f17e2340dd01c56923f,TX,tx,txorigin,358,deposit,Wallet,contains_fault_line,0.4.25,0.4.25,exact,benchmarks/txorigin/0x10a451d62530e73adfd14f17e2340dd01c56923f.sol
0x150dbfc384ba5c13c304efd2efee73cc57cc2c16_1,TX,tx,txorigin,129,newTicket,RefStorage,contains_fault_line,0.4.25,0.4.25,exact,benchmarks/txorigin/0x150dbfc384ba5c13c304efd2efee73cc57cc2c16_1.sol
0x150dbfc384ba5c13c304efd2efee73cc57cc2c16_2,TX,tx,txorigin,139,addReferrer,RefStorage,contains_fault_line,0.4.25,0.4.25,exact,benchmarks/txorigin/0x150dbfc384ba5c13c304efd2efee73cc57cc2c16_2.sol
0x16b888fa2fc83043c3ad6d6c2780c8248461bb15,TX,tx,txorigin,163,addMeByRC,TokenSale,contains_fault_line,0.4.19,^0.4.19,caret,benchmarks/txorigin/0x16b888fa2fc83043c3ad6d6c2780c8248461bb15.sol
0x185c5cef4b4659f025e258bf385a0b444d33077b,TX,tx,txorigin,215,autoDistribute,YEYE,contains_fault_line,0.4.25,^0.4.25,caret,benchmarks/txorigin/0x185c5cef4b4659f025e258bf385a0b444d33077b.sol
0x33ca754eb0ae844c3d55086646d6eff8ffe62558,TX,tx,txorigin,315,addMeByRC,TokenSale,contains_fault_line,0.4.25,^0.4.25,caret,benchmarks/txorigin/0x33ca754eb0ae844c3d55086646d6eff8ffe62558.sol
0x340dba127f099dab9dc8599c75b16e44d9b02fdb,TX,tx,txorigin,475,addMeByRC,TokenSale,contains_fault_line,0.4.25,^0.4.25,caret,benchmarks/txorigin/0x340dba127f099dab9dc8599c75b16e44d9b02fdb.sol
0x37f387fe48c9569500b514a1c7e1f6b04be8d421_1,TX,tx,txorigin,124,ownerTransferFrom,QIUToken,contains_fault_line,0.4.18,^0.4.18,caret,benchmarks/txorigin/0x37f387fe48c9569500b514a1c7e1f6b04be8d421_1.sol
0x37f387fe48c9569500b514a1c7e1f6b04be8d421_2,TX,tx,txorigin,134,originTransfer,QIUToken,contains_fault_line,0.4.18,^0.4.18,caret,benchmarks/txorigin/0x37f387fe48c9569500b514a1c7e1f6b04be8d421_2.sol
0x3b1edfc61ecd19966050530f8ada1376cd941d41,TX,tx,txorigin,102,transferOrigin,BasicToken,contains_fault_line,0.4.25,^0.4.25,caret,benchmarks/txorigin/0x3b1edfc61ecd19966050530f8ada1376cd941d41.sol
0x3dc76abeb8440884ff04ae9646fc4667800a8faa,TX,tx,txorigin,190,deposit,Wallet,contains_fault_line,0.4.25,0.4.25,exact,benchmarks/txorigin/0x3dc76abeb8440884ff04ae9646fc4667800a8faa.sol
0x428b87ba2497b0be0dac3700bee9db530f05d62e,TX,tx,txorigin,339,deposit,Wallet,contains_fault_line,0.4.25,0.4.25,exact,benchmarks/txorigin/0x428b87ba2497b0be0dac3700bee9db530f05d62e.sol
0x43187dd7709aec49f4870213390624bf365e119b,TX,tx,txorigin,171,deposit,Wallet,contains_fault_line,0.4.25,0.4.25,exact,benchmarks/txorigin/0x43187dd7709aec49f4870213390624bf365e119b.sol
0x4874fd71cd01e83cfaf8bdc0bbff452c655bd3d0,TX,tx,txorigin,315,addMeByRC,TokenSale,contains_fault_line,0.4.25,^0.4.25,caret,benchmarks/txorigin/0x4874fd71cd01e83cfaf8bdc0bbff452c655bd3d0.sol
0x4c60e311d8fba04e313f7e7b3dec61b3028726d1,TX,tx,txorigin,194,register,EtherWorldCup,contains_fault_line,0.4.24,^0.4.24,caret,benchmarks/txorigin/0x4c60e311d8fba04e313f7e7b3dec61b3028726d1.sol
0x4f6d6fdaf267894fbeb57c1f4eb2fa2af93dd579,TX,tx,txorigin,102,transferOrigin,BasicToken,contains_fault_line,0.4.25,^0.4.25,caret,benchmarks/txorigin/0x4f6d6fdaf267894fbeb57c1f4eb2fa2af93dd579.sol
0x5a50c7d96fc68ea2f0bee06d86cd971c31f85604,TX,tx,txorigin,475,addMeByRC,TokenSale,contains_fault_line,0.4.25,^0.4.25,caret,benchmarks/txorigin/0x5a50c7d96fc68ea2f0bee06d86cd971c31f85604.sol
0x5ad9e100bc58e57a20cf1cae204f046006d27a27,TX,tx,txorigin,211,addMeByRC,CoinCrowdICO,contains_fault_line,0.4.18,^0.4.18,caret,benchmarks/txorigin/0x5ad9e100bc58e57a20cf1cae204f046006d27a27.sol
0x61bee3dc3536800716798b11497051cddaf207c1,TX,tx,txorigin,260,addMeByRC,TokenSale,contains_fault_line,0.4.25,^0.4.25,caret,benchmarks/txorigin/0x61bee3dc3536800716798b11497051cddaf207c1.sol
0x62edb11263cd775d549a9d9e38980014dbbfdedd_1,TX,tx,txorigin,379,stake,AM1OpenSTValue,contains_fault_line,0.4.17,^0.4.17,caret,benchmarks/txorigin/0x62edb11263cd775d549a9d9e38980014dbbfdedd_1.sol
0x62edb11263cd775d549a9d9e38980014dbbfdedd_2,TX,tx,txorigin,384,stake,AM1OpenSTValue,contains_fault_line,0.4.17,^0.4.17,caret,benchmarks/txorigin/0x62edb11263cd775d549a9d9e38980014dbbfdedd_2.sol
0x63fc7125667dba73691454ab516243c5639e04c5,TX,tx,txorigin,164,setCrowdsale,tokenContract,contains_fault_line,0.4.24,^0.4.24,caret,benchmarks/txorigin/0x63fc7125667dba73691454ab516243c5639e04c5.sol
0x63fed9eb6f80f491bddbc853059414c2f8eb6028,TX,tx,txorigin,200,register,EtherWorldCup,contains_fault_line,0.4.24,^0.4.24,caret,benchmarks/txorigin/0x63fed9eb6f80f491bddbc853059414c2f8eb6028.sol
0x65e871cd0e132e14b3bd9569199dcb436c752b2f_1,TX,tx,txorigin,254,addBrick,WeBuildWorldImplementation,contains_fault_line,0.4.23,^0.4.23,caret,benchmarks/txorigin/0x65e871cd0e132e14b3bd9569199dcb436c752b2f_1.sol
0x65e871cd0e132e14b3bd9569199dcb436c752b2f_2,TX,tx,txorigin,298,accept,WeBuildWorldImplementation,contains_fault_line,0.4.23,^0.4.23,caret,benchmarks/txorigin/0x65e871cd0e132e14b3bd9569199dcb436c752b2f_2.sol
0x6ab1453ae2cdfb7524decfc71bc9105bf2a58d5a,TX,tx,txorigin,475,addMeByRC,TokenSale,contains_fault_line,0.4.25,^0.4.25,caret,benchmarks/txorigin/0x6ab1453ae2cdfb7524decfc71bc9105bf2a58d5a.sol
0x6adf75f1a6627addc158808476f6d9de06a96eef,TX,tx,txorigin,171,deposit,Wallet,contains_fault_line,0.4.25,0.4.25,exact,benchmarks/txorigin/0x6adf75f1a6627addc158808476f6d9de06a96eef.sol
0x72a38b32532cb0191caab895997508df23e880da,TX,tx,txorigin,63,lockBalanceChanges,TimereumX,contains_fault_line,0.4.11,^0.4.11,caret,benchmarks/txorigin/0x72a38b32532cb0191caab895997508df23e880da.sol
0x73f2fd0df4bf82a1137c03e0d4656e5c35b03177,TX,tx,txorigin,7,Xply,EtherTime,contains_fault_line,0.4.25,^0.4.25,caret,benchmarks/txorigin/0x73f2fd0df4bf82a1137c03e0d4656e5c35b03177.sol
0x85f1752fcaf37c45aa77d677e54e94f533c49874,TX,tx,txorigin,209,addMeByRC,CoinCrowdICO,contains_fault_line,0.4.18,^0.4.18,caret,benchmarks/txorigin/0x85f1752fcaf37c45aa77d677e54e94f533c49874.sol
0x865ee5df064bc1f4a39b95b75e612dd86011d35b_1,TX,tx,txorigin,129,newTicket,RefStorage,contains_fault_line,0.4.25,0.4.25,exact,benchmarks/txorigin/0x865ee5df064bc1f4a39b95b75e612dd86011d35b_1.sol
0x865ee5df064bc1f4a39b95b75e612dd86011d35b_2,TX,tx,txorigin,139,addReferrer,RefStorage,contains_fault_line,0.4.25,0.4.25,exact,benchmarks/txorigin/0x865ee5df064bc1f4a39b95b75e612dd86011d35b_2.sol
0x86b784aef0e9c9a581550ba07fb85b64c780c320,TX,tx,txorigin,475,addMeByRC,TokenSale,contains_fault_line,0.4.25,^0.4.25,caret,benchmarks/txorigin/0x86b784aef0e9c9a581550ba07fb85b64c780c320.sol
0x8fc17ffddef41330b2d55e8266446a21f2e000b7,TX,tx,txorigin,1059,liabilityFinalized,Factory,contains_fault_line,0.4.25,^0.4.25,caret,benchmarks/txorigin/0x8fc17ffddef41330b2d55e8266446a21f2e000b7.sol
0x94e332cc102a02bad6ce2e644ab88f6025bc643f,TX,tx,txorigin,256,addMeByRC,TokenSale,contains_fault_line,0.4.25,^0.4.25,caret,benchmarks/txorigin/0x94e332cc102a02bad6ce2e644ab88f6025bc643f.sol
0x968a92f07df9ec1799e7e25de5b50663e611d38d,TX,tx,txorigin,197,transferTokenProportionToOrigin,SetBuyer,contains_fault_line,0.4.24,^0.4.24,caret,benchmarks/txorigin/0x968a92f07df9ec1799e7e25de5b50663e611d38d.sol
0x9bbb60f9616340db904f09b74b7d54c4b5150610,TX,tx,txorigin,164,setCrowdsale,tokenContract,contains_fault_line,0.4.24,^0.4.24,caret,benchmarks/txorigin/0x9bbb60f9616340db904f09b74b7d54c4b5150610.sol
0x9d8ea2ccbee9253627467277a864ebb9b1640656,TX,tx,txorigin,190,deposit,Wallet,contains_fault_line,0.4.25,0.4.25,exact,benchmarks/txorigin/0x9d8ea2ccbee9253627467277a864ebb9b1640656.sol
0x9ef74f01c70c80f008b51ae434e56ee79b6f4016_1,TX,tx,txorigin,205,transferFromTokenAmount,MultiChanger,contains_fault_line,0.4.24,^0.4.24,caret,benchmarks/txorigin/0x9ef74f01c70c80f008b51ae434e56ee79b6f4016_1.sol
0x9ef74f01c70c80f008b51ae434e56ee79b6f4016_2,TX,tx,txorigin,209,transferFromTokenProportion,MultiChanger,contains_fault_line,0.4.24,^0.4.24,caret,benchmarks/txorigin/0x9ef74f01c70c80f008b51ae434e56ee79b6f4016_2.sol
